"welfare","cum_welfare","cum_population","bin","year"
0,0,2.9893708435601e-08,0,2001
0,0,0.00999929600316634,1,2001
0,0,0.0199999372232123,2,2001
0,0,0.0299999506753811,3,2001
0,0,0.0399988879540462,4,2001
0,0,0.0500003363042199,5,2001
0,0,0.0600018444418105,6,2001
0,0,0.0699982407552586,7,2001
0,0,0.0800022599643577,8,2001
0,0,0.0900009879870638,9,2001
0,0,0.100000792183274,10,2001
0,0,0.110000058292731,11,2001
0,0,0.119997650354517,12,2001
0,0,0.130002028288117,13,2001
0,0,0.140001234610158,14,2001
0,0,0.150002892216291,15,2001
0,0,0.160003085030711,16,2001
0,0,0.169997179528609,17,2001
0,0,0.179999405115202,18,2001
0,0,0.190003035706092,19,2001
0,0,0.200000059787417,20,2001
0,0,0.209996964293908,21,2001
0,0,0.219999638286128,22,2001
0,0,0.229995406831699,23,2001
0,0,0.239997811780543,24,2001
0,0,0.250000874390972,25,2001
0,0,0.260001485717309,26,2001
0,0,0.270002126937355,27,2001
0,0,0.280000047829933,28,2001
0.0360339510968298,2.47310657283503e-05,0.289994770095709,29,2001
0.105642194132126,0.00019922874662663,0.300000612821023,30,2001
0.174903421987504,0.000541956801471203,0.309999998505315,31,2001
0.252098018514342,0.00106656810034283,0.319996036094261,32,2001
0.323594483287869,0.00177623855221087,0.330002775630828,33,2001
0.394993143345937,0.00265888025483988,0.339996361935683,34,2001
0.469182513593138,0.00372253769648064,0.350004207539462,35,2001
0.539868136848228,0.00495982909491293,0.360000364703243,36,2001
0.617931837371611,0.00638096967678536,0.369994070582932,37,2001
0.691751528540248,0.00798811518075199,0.380001467781084,38,2001
0.770306636187282,0.00978150541191852,0.389999269098829,39,2001
0.851769341778568,0.011775736905416,0.400005171611559,40,2001
0.936269427313069,0.0139657497537401,0.410002703885928,41,2001
1.01555490235886,0.0163608434332826,0.419998173494415,42,2001
1.09202019095966,0.0189507386723655,0.43000246174689,43,2001
1.17346972946009,0.0217305534027368,0.440004956376859,44,2001
1.25630736460622,0.0247119371927412,0.450000993965806,45,2001
1.34853233660151,0.027910148567732,0.460005969773575,46,2001
1.43733021672362,0.0313314498802092,0.470004428752905,47,2001
1.53076590582894,0.0349724781509875,0.479995862710753,48,2001
1.62495228874585,0.0388514476591858,0.490002572353611,49,2001
1.72018302073694,0.0429549057646091,0.499998281111765,50,2001
1.82083900699577,0.0472980763707616,0.509992465290789,51,2001
1.92387650010488,0.0518970340213081,0.520000131532317,52,2001
2.02868185615852,0.0567505611164752,0.529998620405356,53,2001
2.12685455490074,0.0618518813581387,0.540001742803202,54,2001
2.23165845395404,0.0672018974745588,0.550000082207698,55,2001
2.34611902185172,0.0728232638900088,0.560005895039304,56,2001
2.46859641293482,0.0787332954724656,0.570006894983851,57,2001
2.58402106435308,0.084927604894936,0.579999763839703,58,2001
2.70524612177213,0.0914175520635689,0.590001839957754,59,2001
2.82770332952846,0.098213298123617,0.599998953720205,60,2001
2.9520434876513,0.105305539892306,0.609997053975034,61,2001
3.08598239026729,0.112727797898264,0.620005945858608,62,2001
3.21275129201943,0.120455932628021,0.630004823349856,63,2001
3.34334525684182,0.128494542957647,0.639994732728574,64,2001
3.47188193233356,0.136872863388201,0.65000473067936,65,2001
3.63016069469763,0.145598671470074,0.660006567647743,66,2001
3.78795972809332,0.154689984546618,0.669996566707586,67,2001
3.94651639773045,0.164175061843369,0.679992006422364,68,2001
4.09834120671495,0.17406807826206,0.689996683293049,69,2001
4.25932053923807,0.184339207412054,0.700006800818669,70,2001
4.43276927916862,0.194998826221863,0.709997577114931,71,2001
4.62378436456961,0.206126194957624,0.720007096766383,72,2001
4.81143490709402,0.217700327918513,0.729997036038809,73,2001
5.01128198804333,0.229768167039589,0.739999650243611,74,2001
5.22314405369883,0.242333266287683,0.749999065821611,75,2001
5.43918401843246,0.255411662766422,0.759995163197975,76,2001
5.65727475595545,0.269039676539059,0.770004593168301,77,2001
5.91542174551035,0.283258398954306,0.780003470659549,78,2001
6.17934132728089,0.29809533858709,0.789991287478676,79,2001
6.42968901952321,0.313570475741815,0.799989806245423,80,2001
6.72812955521842,0.329712216442524,0.809997382805826,81,2001
7.0471458312888,0.346627391438891,0.819997187002036,82,2001
7.38762222735859,0.364346804774712,0.830001236104844,83,2001
7.76433106981705,0.382950603865401,0.840003102966936,84,2001
8.1462625211022,0.402469426884434,0.850007690156495,85,2001
8.53791142235182,0.422923214207563,0.85999670272396,86,2001
9.02323193856059,0.444487020980185,0.870009271533671,87,2001
9.53088734991049,0.467242718253096,0.880000735385227,88,2001
10.112281192147,0.491313630985005,0.889993185729162,89,2001
10.7361639839597,0.516907206992622,0.899995979296215,90,2001
11.458493517555,0.544203016917333,0.910010281941016,91,2001
12.3349761954069,0.573325166942854,0.919993405447919,92,2001
13.2971361680891,0.604792772423206,0.929994644542134,93,2001
14.433533564404,0.638852277991194,0.93999241596617,94,2001
15.9508711925445,0.676219407376758,0.949994761127597,95,2001
18.0120067471238,0.717765381796804,0.95999812267511,96,2001
20.433969305169,0.764817769805169,0.96999448909485,97,2001
24.4056193856185,0.819482018144061,0.979989988597045,98,2001
32.3365819707207,0.888056428451578,0.990006264226603,99,2001
249.211685910844,1,1,100,2001
0,0,2.99290567624315e-08,0,2002
0,0,0.010000345381315,1,2002
0,0,0.020001079840368,2,2002
0,0,0.0299992404005394,3,2002
0,0,0.0399997054980815,4,2002
0,0,0.0500003202409074,5,2002
0,0,0.0599999173958033,6,2002
0,0,0.0699993349763587,7,2002
0,0,0.079998393408233,8,2002
0,0,0.0900014623337134,9,2002
0,0,0.100001418637291,10,2002
0,0,0.10999700529858,11,2002
0,0,0.119999116494244,12,2002
0,0,0.129999372088389,13,2002
0,0,0.139996724564028,14,2002
0,0,0.149999284695543,15,2002
0,0,0.159999270928177,16,2002
0,0,0.170003297583474,17,2002
0,0,0.180002685234973,18,2002
0,0,0.190002102815528,19,2002
0,0,0.199997958838329,20,2002
0.0117310705088709,2.35413790724274e-06,0.209998962658893,21,2002
0.0765499885147096,0.000104177274466894,0.219998559813789,22,2002
0.14113263803241,0.000360045542253494,0.230001449164928,23,2002
0.206886827495485,0.000764746341722843,0.239998083343205,24,2002
0.272169682681412,0.00132016732962305,0.250002798366807,25,2002
0.335240744105388,0.0020226472511657,0.260001886727738,26,2002
0.40328134270426,0.00287856810209539,0.269994899490147,27,2002
0.47146846131398,0.00389298633076338,0.280002038767347,28,2002
0.539025928095562,0.00506654867073799,0.290002114787151,29,2002
0.605038368621155,0.00639512531266188,0.300001053502798,30,2002
0.675371622305006,0.00787923649033226,0.309998944701459,31,2002
0.745770862173146,0.00952859969575369,0.320004557596764,32,2002
0.818220081963019,0.0113412570934623,0.33000008439994,33,2002
0.890609526462712,0.013322484470917,0.340002674460512,34,2002
0.966753313180639,0.0154743277760388,0.350000475872003,35,2002
1.04110321203917,0.0177998479396059,0.359994266789887,36,2002
1.11011344944762,0.0202978352501564,0.370002872590868,37,2002
1.18643554709748,0.0229635608422788,0.37999908776235,38,2002
1.25948004901688,0.0258044291226605,0.39000419186369,39,2002
1.33687159577978,0.0288132989046572,0.400006452704638,40,2002
1.41131895812035,0.0320005662015709,0.409998777098741,41,2002
1.49058077949091,0.0353622204747284,0.419994722908712,42,2002
1.56912689639593,0.0389095045341223,0.429993691553416,43,2002
1.65059102122696,0.0426440157159722,0.440002746290249,44,2002
1.73202805551221,0.0465640346418704,0.449993484444343,45,2002
1.81778518744168,0.0506806004757159,0.459995505852837,46,2002
1.90479165724436,0.0550020230597775,0.470001208535312,47,2002
1.99022617980322,0.059518654615352,0.479996974770942,48,2002
2.07964717398876,0.0642409345913297,0.489998906392266,49,2002
2.16958340384896,0.0691706798250809,0.50000526751399,50,2002
2.26288767043307,0.0743008019997692,0.509994269782792,51,2002
2.36224813014209,0.0796711398375887,0.520004820972463,52,2002
2.46235294214232,0.0852630493821384,0.52999840238695,53,2002
2.56158982968596,0.0910885187952002,0.539993240821821,54,2002
2.66694074533857,0.0971496835017761,0.549994992868804,55,2002
2.76503059039944,0.103451457348437,0.560007519376221,56,2002
2.87724038515563,0.1099914985208,0.570003794405816,57,2002
2.98123085838238,0.11679024032644,0.580002314114669,58,2002
3.09742627608887,0.123839086734974,0.590005831976001,59,2002
3.22510360574793,0.131162003817615,0.599998575376898,60,2002
3.34809445999976,0.138777686966757,0.60999284515969,61,2002
3.47509343473886,0.146702691852782,0.620003276633134,62,2002
3.61183131029995,0.154907065039067,0.629992877483072,63,2002
3.74833810040238,0.163444766070296,0.639994001019863,64,2002
3.87567746520645,0.172289037730287,0.650000122709133,65,2002
4.01878194440775,0.181436393365291,0.659992087954554,66,2002
4.17089922513714,0.190933181536869,0.669993750214367,67,2002
4.32468442712955,0.200787156947955,0.67999873459948,68,2002
4.48057360548248,0.211000608328758,0.689992794878875,69,2002
4.6620133026675,0.221616381024761,0.700001041531175,70,2002
4.85535810934095,0.232656691105459,0.71000324251401,71,2002
5.04993660725716,0.244144853430618,0.720004904773822,72,2002
5.23720134032883,0.256066708242656,0.729998695691706,73,2002
5.44656634060754,0.268450875795991,0.74000376986399,74,2002
5.64865709570723,0.281315482708462,0.750004653968327,75,2002
5.87079177693019,0.294664723747458,0.759993297088448,76,2002
6.08609161799102,0.308522686474023,0.769990380202575,77,2002
6.34083368869971,0.32294573858936,0.780001948980176,78,2002
6.60655092684761,0.337952953785666,0.789999451101099,79,2002
6.88433464011129,0.353616923820862,0.800004884422064,80,2002
7.16629388088167,0.369886543856898,0.809992360308971,81,2002
7.49029272419791,0.386901865068293,0.820007131495645,82,2002
7.81685423914465,0.404636335429031,0.830006668792428,83,2002
8.16600317919532,0.423159450825823,0.840002913892966,84,2002
8.5275254355032,0.442541085660181,0.850007628916569,85,2002
8.91640287199504,0.462755652674434,0.859997738560471,86,2002
9.328136792662,0.483945013543675,0.870010504500342,87,2002
9.79327364573961,0.506066987535758,0.879989899541924,88,2002
10.3528601574912,0.529455311856982,0.890006705904458,89,2002
10.9393812703455,0.554110277775706,0.900003160508394,90,2002
11.5826489459044,0.580229202209459,0.910007276950861,91,2002
12.3898462766247,0.607984296753258,0.919995590851358,92,2002
13.243105028869,0.637681494516102,0.93000446601385,93,2002
14.2943326020373,0.669619138383978,0.940008672243487,94,2002
15.6468118465497,0.704121422266063,0.949988576079034,95,2002
17.5285180002696,0.742551486099571,0.960000144856635,96,2002
19.7883462610052,0.785664704263812,0.970002285981356,97,2002
23.5046388558721,0.835580112052493,0.97999422129772,98,2002
30.2624651845755,0.897282219742389,0.990001480291147,99,2002
132.065889138129,1,1,100,2002
0,0,2.99344447633461e-08,0,2003
0,0,0.00999987068319862,1,2003
0,0,0.0199988433330543,2,2003
0,0,0.0299991929673692,3,2003
0,0,0.0400011291272565,4,2003
0,0,0.0500016284337951,5,2003
0,0,0.0600014392481042,6,2003
0,0,0.0700001424879571,7,2003
0,0,0.0800015398278386,8,2003
0,0,0.0899974292298837,9,2003
0,0,0.0999992755864367,10,2003
0,0,0.110000014368533,11,2003
0,0,0.120002728823985,12,2003
0.0170848556328613,4.88060137074397e-06,0.130000534030495,13,2003
0.080617256149166,0.000113035929207294,0.140002859338164,14,2003
0.143061565278227,0.000361115224035847,0.149997072411302,15,2003
0.207944679083782,0.000748619550541399,0.160002211556779,16,2003
0.269754452212268,0.00127887379692583,0.169996454564362,17,2003
0.334607472535168,0.00194604070439457,0.179998091379802,18,2003
0.394075596670479,0.00275261574036462,0.190003200590834,19,2003
0.454260411120596,0.0036882748905692,0.20000337061848,20,2003
0.515165185265602,0.00476102699971088,0.210004348876135,21,2003
0.578044337086357,0.00596682785346748,0.22000338139488,22,2003
0.640674117340144,0.00731040321225558,0.230003162274745,23,2003
0.69838436850403,0.00878861718756045,0.239997554954552,24,2003
0.760102591054523,0.0104015215022712,0.249999221704436,25,2003
0.825548065330078,0.0121554832881483,0.259996248615382,26,2003
0.890344543216132,0.014050691403293,0.269995760085244,27,2003
0.953492073948319,0.0160873816837874,0.279996229457338,28,2003
1.01413503044166,0.0182637093459313,0.289994663287188,29,2003
1.07800146257843,0.0205756185471068,0.299995102724837,30,2003
1.14404099522897,0.0230346644669203,0.310002127740334,31,2003
1.21310758202995,0.0256395250667751,0.320002447440204,32,2003
1.27585373958363,0.0283914454567668,0.329997768087798,33,2003
1.34852665948067,0.0312914881851578,0.33999727955766,34,2003
1.41572412671909,0.0343482197012663,0.35000137099757,35,2003
1.4885969002765,0.0375577425293144,0.360001092008545,36,2003
1.56044716219499,0.0409276800254647,0.370005931809574,37,2003
1.63049667235363,0.0444505260272189,0.379994008321536,38,2003
1.70567237484656,0.0481410413485442,0.390003667568172,39,2003
1.77630332814439,0.0519915715494467,0.40000365798915,40,2003
1.85149554702922,0.0560002151764348,0.409998439816739,41,2003
1.92275877723371,0.0601709490990412,0.420001184206635,42,2003
1.99944981998795,0.0645084174869943,0.430005066105432,43,2003
2.07915715113581,0.0690130904723894,0.439994549536297,44,2003
2.15393564563254,0.0736930517973683,0.449994420219496,45,2003
2.23571039547861,0.0785496255074584,0.459994530378253,46,2003
2.32181673197621,0.0835876500327178,0.469993443159219,47,2003
2.40486940805006,0.0888161411913395,0.479999689879152,48,2003
2.49392281078507,0.094233891505055,0.489999231283458,49,2003
2.57818340499624,0.0998402621030586,0.49999931150777,50,2003
2.66530420301877,0.105635361944709,0.50999403346647,51,2003
2.75258996958282,0.111624512978782,0.519998843333054,52,2003
2.84394668078747,0.117811160858243,0.529998384737361,53,2003
2.94325399286697,0.12421088464426,0.540001159061701,54,2003
3.03841855964353,0.13082656648577,0.550006567617181,55,2003
3.13998223454358,0.137656525440201,0.560003145511456,56,2003
3.2458955852233,0.14471041386516,0.569995652321243,57,2003
3.35160074964696,0.151998518738168,0.579995313463328,58,2003
3.46053208255799,0.159537937526158,0.590002039134377,59,2003
3.57908279220982,0.167318786242239,0.59999885650421,60,2003
3.69401509569717,0.175360780204196,0.609999026531856,61,2003
3.81553372437921,0.183669184608769,0.620006021612909,62,2003
3.94950673807831,0.192258134469589,0.630008406789467,63,2003
4.07629075952195,0.201124056374566,0.640004864945963,64,2003
4.21379078393806,0.21027535551972,0.649992522375698,65,2003
4.33817324520987,0.219725470578725,0.659992482862231,66,2003
4.47970361205135,0.229489672443282,0.67000184276442,67,2003
4.61847592982978,0.239545180088348,0.680001833185397,68,2003
4.76162243795305,0.249916919233734,0.690003440066392,69,2003
4.91794501250361,0.260618060831318,0.700007381834079,70,2003
5.07132682519016,0.271648454854956,0.709990848441547,71,2003
5.25110548930216,0.283065573910462,0.719995987587024,72,2003
5.42699748711066,0.294874577297171,0.729997025713568,73,2003
5.63600349926358,0.307096752154501,0.739993214460061,74,2003
5.83769156623869,0.319793511743552,0.750002933575587,75,2003
6.05296125119699,0.33294627207964,0.760004121374355,76,2003
6.26728450529021,0.346556966936744,0.769997645955264,77,2003
6.49290894857116,0.360662421748798,0.779997396900683,78,2003
6.73836986665445,0.37529451478405,0.790001488340594,79,2003
6.99450834973777,0.390449567736558,0.799997736955976,80,2003
7.27380747199676,0.406236565086796,0.810005899480374,81,2003
7.57923423312198,0.422638996568725,0.819999453995727,82,2003
7.89503634357037,0.439751400974639,0.830005970125664,83,2003
8.22719517114449,0.45757366508665,0.839997668705442,84,2003
8.59475229862176,0.476153912426332,0.849991672237467,85,2003
9.00067713013412,0.495625152229921,0.859991782396224,86,2003
9.40336439835382,0.51597828432608,0.869992371506097,87,2003
9.86014920355235,0.537276522816286,0.879996313273783,88,2003
10.3651546194394,0.559630726058486,0.88998938883802,89,2003
10.9450433465214,0.583254353839455,0.900010782387004,90,2003
11.6060090258115,0.608195634997731,0.910011221824653,91,2003
12.3565297609349,0.634635189885712,0.919997502269929,92,2003
13.2291938999002,0.66288133460449,0.929995307476439,93,2003
14.2381981635121,0.693234133792099,0.940006343707534,94,2003
15.434485655744,0.726003293132772,0.949992893562813,95,2003
17.0035242655601,0.761918782494452,0.960012251569553,96,2003
19.5338214943668,0.80212100947484,0.97000149552486,97,2003
23.3537111258835,0.849168916794482,0.979991817120179,98,2003
29.5317707074771,0.906788552424167,0.98999087957337,99,2003
164.409903786802,1,1,100,2003
0,0,2.99605602181344e-08,0,2004
0,0,0.0100005953163315,1,2004
0,0,0.0200003816975372,2,2004
0,0,0.0299993591436169,3,2004
0,0,0.0399984564319376,4,2004
0.0208226476209146,5.9309808362243e-06,0.0500018980014898,5,2004
0.100736875735025,0.000133833243939506,0.0599981789971499,6,2004
0.174786925487358,0.000422179497722041,0.070000362223173,7,2004
0.245843327924713,0.00086228576306686,0.0799993995903732,8,2004
0.311920422771494,0.00144550221322018,0.0900023917515222,9,2004
0.375951066756292,0.00216441683424595,0.0999990622344652,10,2004
0.44141838574773,0.00301733562163322,0.110001215499928,11,2004
0.503213924792162,0.00400447766080331,0.120001331447296,12,2004
0.566745760815936,0.0051219709142331,0.130001447394664,13,2004
0.626633364245183,0.00636742598054802,0.140000964130828,14,2004
0.685939828932334,0.00773698578838623,0.150001918973882,15,2004
0.744945445524325,0.00922828390720895,0.160001645433967,16,2004
0.802809074969429,0.0108433811858073,0.170000892525089,17,2004
0.859343035318611,0.0125786093842812,0.180001847368143,18,2004
0.917373391969149,0.014431099452784,0.190000974617024,19,2004
0.97860270003531,0.0164090643301286,0.200002828276885,20,2004
1.03497955321443,0.0185103596966426,0.21000123647232,21,2004
1.09607375827535,0.0207356308475878,0.220003689343385,22,2004
1.15371374426511,0.0230821189224124,0.23000329596123,23,2004
1.21462752855227,0.0255501835974967,0.239996670782549,24,2004
1.27222773401411,0.0281438130642247,0.249997355980561,25,2004
1.33227020537624,0.0308607462262946,0.259996483229442,26,2004
1.39047349192861,0.0337037140366241,0.270002591288853,27,2004
1.45373367110114,0.0366706204597999,0.280003156644625,28,2004
1.51662157590319,0.0397682112827248,0.290004770620004,29,2004
1.57718497555726,0.0429923317999124,0.299995988280987,30,2004
1.63750318294873,0.0463479355696271,0.310000778075749,31,2004
1.69773381802005,0.0498275659089287,0.32000263173561,32,2004
1.76216469095906,0.0534368091470278,0.330000260956479,33,2004
1.82628154631665,0.0571826220859577,0.339998699112475,34,2004
1.89150611188324,0.0610634400374483,0.350002620050991,35,2004
1.95550766938953,0.0650748794051344,0.360002226668835,36,2004
2.02291316888048,0.0692244101713078,0.370001353917716,37,2004
2.0876344696637,0.0735133120322978,0.38000218891853,38,2004
2.15559191813485,0.0779394459951959,0.389998050466347,39,2004
2.22185733540487,0.0825089718649931,0.400006465488895,40,2004
2.29368998380987,0.0872182776132897,0.410003675261922,41,2004
2.36380993244573,0.0920724660393517,0.419997020122681,42,2004
2.43736452944487,0.0970817514782291,0.429996716622206,43,2004
2.51575094778643,0.102256304947578,0.440006599712205,44,2004
2.59201570499712,0.107581251383479,0.449998566387194,45,2004
2.67542350903046,0.113076388794642,0.459996375371425,46,2004
2.7502028381987,0.11874174067298,0.470003502089884,47,2004
2.82909495099717,0.124558017121202,0.479994120539663,48,2004
2.91000986100305,0.130546033520016,0.489999030176666,49,2004
2.99382898697398,0.136702715647,0.500000644152045,50,2004
3.08077912607753,0.143039042177594,0.510000280730449,51,2004
3.1638806250902,0.149548088967657,0.519993116261684,52,2004
3.25779439795237,0.156246925297228,0.529993022485131,53,2004
3.34565388716227,0.163141171120185,0.540006710566278,54,2004
3.44171649032414,0.170216803480343,0.550004249905467,55,2004
3.53546613101636,0.177501342413169,0.560007661514459,56,2004
3.63689510374749,0.18497182656666,0.569993186669001,57,2004
3.73761288370646,0.192671922596249,0.579997167528637,58,2004
3.84511602894496,0.200583250427754,0.589996055093036,59,2004
3.94633454091761,0.208718102747274,0.599999496662588,60,2004
4.05701166039596,0.217065859441071,0.609997515370741,61,2004
4.17924062053173,0.225668083758049,0.620005690708808,62,2004
4.29594353339207,0.234496140684453,0.62999130574503,63,2004
4.42371672199147,0.243601137353965,0.640003645600967,64,2004
4.54542448827342,0.252954649978654,0.650003521863854,65,2004
4.67654847334055,0.262586810475721,0.660008970790941,66,2004
4.80160924161585,0.27247246141779,0.670000787663128,67,2004
4.94662844035246,0.282645482571872,0.680009262606797,68,2004
5.08644660412057,0.293103938062015,0.689998412989125,69,2004
5.2416413757122,0.303887381342071,0.700004431166856,70,2004
5.40271649047291,0.315000065487684,0.710008861434896,71,2004
5.56131117603688,0.326434617266158,0.720009157145625,72,2004
5.7186125997919,0.33819089228505,0.730004808969521,73,2004
5.90534565038813,0.350315823494955,0.740009718606524,74,2004
6.10798674432846,0.362826957001394,0.749990030623587,75,2004
6.30904812729136,0.375787370044735,0.759996168643559,76,2004
6.50035092721088,0.38914469264773,0.76998978314936,77,2004
6.70539710422696,0.402926211005186,0.779990348505131,78,2004
6.93565693939946,0.41717015968956,0.789997804789753,79,2004
7.16106944629217,0.431867334099518,0.79999234807292,80,2004
7.42760739042661,0.447097709354461,0.810002620650202,81,2004
7.69243594593081,0.462870265601543,0.82000405486222,82,2004
7.97603177171084,0.479191442942543,0.82999074847861,83,2004
8.27372444876902,0.496126681997208,0.839989126713486,84,2004
8.62646692257528,0.513767561383673,0.850000387989255,85,2004
8.96962482068384,0.532126286163849,0.860002001964634,86,2004
9.35295260307613,0.551244048359002,0.870006671917155,87,2004
9.80607917175583,0.571219543712256,0.879999687211751,88,2004
10.2750611149317,0.592153945636716,0.890003188702424,89,2004
10.8560087909114,0.614148286693138,0.899991829755229,90,2004
11.4864032415366,0.637510157629504,0.910011869475142,91,2004
12.2120905183214,0.662148200715261,0.919994997784866,92,2004
13.1222725240582,0.688535699830016,0.929997001247528,93,2004
14.0861408053742,0.716897687086628,0.939995259640162,94,2004
15.2996069662802,0.747506438618661,0.949987675723554,95,2004
16.8499043657304,0.780983153859416,0.960007925167389,96,2004
19.0564871304146,0.818217367315775,0.969989765173024,97,2004
22.1697901001324,0.861043887553368,0.980003662978092,98,2004
28.9380492581299,0.913303415658654,0.990005906125236,99,2004
135.182677115284,1,1,100,2004
0,0,2.99335935201194e-08,0,2005
0.214517560224583,0.000206665084809146,0.0100007836614784,1,2005
0.352110692749505,0.000772629298830654,0.0199988732995399,2,2005
0.452259073868353,0.00156837765674677,0.0300002556328887,3,2005
0.540895826019705,0.00255006696368285,0.0400006202240577,4,2005
0.618924914999321,0.00369355069477889,0.0500018828230324,5,2005
0.690879940933737,0.00498526101932178,0.0599990744532884,6,2005
0.758309519219834,0.00641290465995124,0.0699992594428963,7,2005
0.824776471915597,0.00797255011878565,0.0799978579520477,8,2005
0.887700728234857,0.00966021705645799,0.0899973844025982,9,2005
0.950275257535036,0.0114693176462339,0.100002747903885,10,2005
1.00556735244154,0.0133944296175191,0.109997904049782,11,2005
1.05887993901687,0.0154268742610571,0.119998508109699,12,2005
1.1177841985069,0.0175706472799878,0.129999980243828,13,2005
1.17032577737422,0.0198232475773908,0.139997022206117,14,2005
1.22542656812813,0.0221821376103894,0.150000200555077,15,2005
1.27865770769519,0.0246484646398124,0.160002630564199,16,2005
1.33458230277633,0.0272223431598639,0.170003114889742,17,2005
1.38967423950401,0.0299052326071964,0.179997133559085,18,2005
1.4446039860722,0.0326942510443103,0.189996151138545,19,2005
1.49783681655213,0.0355947252604335,0.200000197561717,20,2005
1.54849598250518,0.0385945850385546,0.210000711820854,21,2005
1.60397328093928,0.0417016059608567,0.220003081962789,22,2005
1.65750702718049,0.0449145310187137,0.230003476487551,23,2005
1.7134174801319,0.0482329749001678,0.240003811145127,24,2005
1.76724348540615,0.0516590618538941,0.250000972841789,25,2005
1.82024610331662,0.0551934144943309,0.260004779796213,26,2005
1.87307427591688,0.0588302146202188,0.270001522422566,27,2005
1.92797009195295,0.0625702201959219,0.279996768369244,28,2005
1.98337563212754,0.0664216066307591,0.289997492163535,29,2005
2.03979632289956,0.0703856167458897,0.30000531021949,30,2005
2.09782134078847,0.0744577933212692,0.309997832209157,31,2005
2.15452801385395,0.0786450642001957,0.319996041581593,32,2005
2.21496387542578,0.0829478741671801,0.329994729891525,33,2005
2.27118168159258,0.0873690862510506,0.340003745291221,34,2005
2.33007075455043,0.0918952899077162,0.349999829378517,35,2005
2.39188841695019,0.0965447972906611,0.359999385762661,36,2005
2.44961819270894,0.101313196752181,0.370000528627262,37,2005
2.51071937888498,0.106198095264677,0.379998857734071,38,2005
2.57543432140662,0.111204414770929,0.389995241157302,39,2005
2.64108299721378,0.116346257598036,0.400006262107764,40,2005
2.70632247620689,0.121606061705301,0.409995491402144,41,2005
2.77256533970457,0.12700797312077,0.420004985739337,42,2005
2.84006573318069,0.132534883878062,0.430006008869563,43,2005
2.90667954694384,0.138192051170854,0.440006373460732,44,2005
2.9835416102301,0.143986201108711,0.449998027376187,45,2005
3.06176017971564,0.149938378878379,0.459994380865824,46,2005
3.12928238433205,0.156040922801124,0.470004593609262,47,2005
3.20400449991492,0.162281256356292,0.480005766407456,48,2005
3.2870790169051,0.168669085868807,0.490002419233028,49,2005
3.35828457419718,0.175214688841139,0.500003801566377,50,2005
3.43711834347371,0.181909809636821,0.510006979915337,51,2005
3.5161994336303,0.18875130006947,0.519997825623767,52,2005
3.60104266349321,0.195757512785391,0.529996813269634,53,2005
3.68785755062353,0.2029364999387,0.539999632415472,54,2005
3.77589325192492,0.210280036210379,0.549997991455875,55,2005
3.8701633395067,0.217808885627397,0.559992129859592,56,2005
3.96146414314947,0.22552134473773,0.569996625286667,57,2005
4.05815172598035,0.233419273248997,0.579996211604404,58,2005
4.1522002282903,0.241511791162661,0.590003820125205,59,2005
4.25008566433423,0.249783012939947,0.60000244856795,60,2005
4.35033824599455,0.258246955161216,0.610001256612256,61,2005
4.45565146486091,0.266915983847497,0.619998897246415,62,2005
4.57087084147679,0.275796620527795,0.629991688638423,63,2005
4.68874145945942,0.284923420930579,0.63999654326862,64,2005
4.80300060830226,0.294265290601236,0.649997716066814,65,2005
4.92019321207951,0.303849786992559,0.660004576247777,66,2005
5.03579685993018,0.313649894693479,0.670000301131951,67,2005
5.16886952693689,0.32369621974167,0.679996894090336,68,2005
5.2949513304985,0.334000046965652,0.689994684392463,69,2005
5.43445197458165,0.344565900284608,0.699998910417196,70,2005
5.57168477195219,0.355397440786257,0.710001250625537,71,2005
5.72154870115704,0.366518112778457,0.72000436910731,72,2005
5.88456536112864,0.377947894134126,0.730006888917213,73,2005
6.06590551858182,0.389711875129332,0.740001865461548,74,2005
6.2361791475345,0.401831161402358,0.750007408564396,75,2005
6.42698091902234,0.414295187245768,0.76000687514776,76,2005
6.61975428875412,0.427134899464019,0.770004066778016,77,2005
6.82982143763894,0.440368449060072,0.779995541091909,78,2005
7.0574170873428,0.454042514009514,0.790000246054139,79,2005
7.28202347262927,0.468164431978312,0.800000999782024,80,2005
7.53594952461516,0.482758582219727,0.81000950631063,81,2005
7.81288548893673,0.497859145018616,0.820003255577631,82,2005
8.08863677897161,0.513528712237035,0.830002871828962,83,2005
8.37028328037914,0.529747573491544,0.840010001412267,84,2005
8.67918435114285,0.546524302122984,0.849998632034776,85,2005
9.05535237127708,0.563976400331462,0.859991842497094,86,2005
9.41923365670619,0.582198586304216,0.870011155052961,87,2005
9.84218644110626,0.601135599075601,0.879992422011464,88,2005
10.2825932239909,0.62098540844465,0.890005747848628,89,2005
10.819080776242,0.641758018318386,0.900000365189841,90,2005
11.4182769275807,0.663645768023848,0.909997287417755,91,2005
12.1485039098433,0.686890658313964,0.920006691954167,92,2005
12.9383661825754,0.711548086871033,0.930009780502347,93,2005
13.9207902836853,0.737972886844477,0.94001086349976,94,2005
15.1911723589931,0.7665988463446,0.950010539618278,95,2005
16.7429035830039,0.797843390000178,0.959991058236944,96,2005
18.507684690655,0.832471919874808,0.969992889574195,97,2005
21.8358886585261,0.871790793635694,0.979992655493494,98,2005
28.1466313034149,0.920399599857575,0.989989068850318,99,2005
102.169752737733,1,1,100,2005
0.294487970246267,1.6390590424696e-09,3.000744964945e-08,0,2006
0.805310246140283,0.00128612402605695,0.0099999225807799,1,2006
0.932842518893982,0.00290640736917005,0.0199996951243116,2,2006
1.02926884065486,0.00473003270549105,0.0300012381073725,3,2006
1.1136800366814,0.00671983296855238,0.0399988201070798,4,2006
1.19147436819533,0.00885813316872523,0.0499990127549065,5,2006
1.25937425740341,0.0111309075866411,0.0599985752462906,6,2006
1.32306881780109,0.0135273725086543,0.0699992480133118,7,2006
1.38494122389774,0.0160386438414576,0.0799994406611385,8,2006
1.44056909419588,0.0186607734680561,0.0900012237037967,9,2006
1.49525000423308,0.0213821710531296,0.0999994358599466,10,2006
1.54895687944208,0.0242042947998333,0.109997077874553,11,2006
1.60253933736695,0.0271281223446404,0.119998470820366,12,2006
1.65464129898143,0.03014844787486,0.12999803331175,13,2006
1.70697149793706,0.0332645565906432,0.139996635564745,14,2006
1.75905901214914,0.0364787508751082,0.14999703826472,15,2006
1.80974362780964,0.0397900158311515,0.16000116188845,16,2006
1.86082524646815,0.0431931782560719,0.170000154238291,17,2006
1.91197709520018,0.0466908847117037,0.179996325887865,18,2006
1.96296459545575,0.0502867827084036,0.190002460010722,19,2006
2.01236581299708,0.0539739299303279,0.200003702919287,20,2006
2.06170260187043,0.0577510838499191,0.210002335179732,21,2006
2.11443851393843,0.0616225884141991,0.219999707127291,22,2006
2.16523184222383,0.0655922497236038,0.230002060311493,23,2006
2.21746839106687,0.0696547912523615,0.240000992646434,24,2006
2.27150665553598,0.0738182024398444,0.250001755435804,25,2006
2.32525529837879,0.0780796250282534,0.260000867815444,26,2006
2.37844591827516,0.0824396838846993,0.269996679375622,27,2006
2.43131528947088,0.0869017350660457,0.280001673215392,28,2006
2.48332707750124,0.0914564428960108,0.289996584552081,29,2006
2.5380812739329,0.0961148351477858,0.299998607654336,30,2006
2.59316787822525,0.100875454924276,0.310000030607599,31,2006
2.64816851022339,0.105737715323855,0.320001663613009,32,2006
2.70367385940768,0.110698960232728,0.329998315381777,33,2006
2.75991856642306,0.115767433162178,0.340000578543629,34,2006
2.81799110138999,0.120941807757208,0.350004222048166,35,2006
2.86967893176531,0.126213295880627,0.359998863317807,36,2006
2.92842381736186,0.131594899974277,0.370004337276772,37,2006
2.98703754726473,0.137079514437976,0.380002519425473,38,2006
3.04857679992154,0.142675178945995,0.389998631060147,39,2006
3.1112782881004,0.14838740136265,0.399996693179049,40,2006
3.17476949690078,0.154219087064388,0.410001837056068,41,2006
3.23738413281488,0.160160558058822,0.419995428064971,42,2006
3.29963410124787,0.166220275527788,0.429994780504208,43,2006
3.36142274628574,0.172398574507668,0.439995783353175,44,2006
3.42690917129249,0.178696633784451,0.449997146291538,45,2006
3.49773508693544,0.185117812148233,0.459996228663728,46,2006
3.56914426077483,0.191672785279918,0.469996601356253,47,2006
3.6367167105549,0.198362063166447,0.480005376134679,48,2006
3.70382592122401,0.205165579290665,0.489998517031838,49,2006
3.77400669884048,0.212096153148601,0.499992498137588,50,2006
3.77410953846534,0.212106656104564,0.500007501862412,50,2006
3.85192564622701,0.219173369053228,0.510002083117155,51,2006
3.93097550167593,0.226389269705634,0.520001405548942,52,2006
4.01065615341722,0.233753096822528,0.529999227608246,53,2006
4.09179508522275,0.2412648326497,0.539995969399363,54,2006
4.17343868994508,0.248926781917499,0.549992411115984,55,2006
4.25460317957759,0.256751498043982,0.560005386937361,56,2006
4.33954106635583,0.26471457312633,0.569994176754321,57,2006
4.43170888192324,0.272858134483495,0.580007272605497,58,2006
4.51884732284503,0.281148888508375,0.589992911640244,59,2006
4.6177995811427,0.289627644906916,0.599999675919544,60,2006
4.71300466323853,0.298285658187494,0.610006500213743,61,2006
4.80607331454192,0.30710198102028,0.619997810656474,62,2006
4.9075896487733,0.316113306312572,0.630002714473895,63,2006
5.01423403517774,0.325313144739298,0.640004587538902,64,2006
5.12729908388768,0.334708380581041,0.649994757698546,65,2006
5.2334246827296,0.344322596416124,0.66000890381046,66,2006
5.34777716294548,0.354119720166085,0.669993552599368,67,2006
5.47506562727278,0.364165220313775,0.680003197593835,68,2006
5.60647271029734,0.374443639287065,0.690002790092668,69,2006
5.73988047706036,0.384970175687898,0.700003282814992,70,2006
5.87694825219188,0.39574243156209,0.709999574494364,71,2006
6.01935415041275,0.406783370480315,0.720008439295139,72,2006
6.17600492323239,0.41807502784635,0.729994648471429,73,2006
6.33176565636665,0.429681750252033,0.739999072169657,74,2006
6.49180805043609,0.441576325307078,0.749998394601444,75,2006
6.67910829372143,0.453797147213134,0.760006389186179,76,2006
6.86974421097597,0.466355862737047,0.770002890917699,77,2006
7.05991774791044,0.47927602995771,0.780008814988409,78,2006
7.25449435785793,0.492533996958409,0.790000335483287,79,2006
7.46867499464955,0.506187360863317,0.800003528876079,80,2006
7.68904654498312,0.520234868017511,0.8099956195125,81,2006
7.94526966397734,0.53472123849486,0.819994071728247,82,2006
8.2214890655483,0.549729614561935,0.830006687460229,83,2006
8.48957812088948,0.56523108339365,0.840007030145304,84,2006
8.76378092138691,0.581206212562581,0.849992639172601,85,2006
9.10006030172022,0.597798739372078,0.860006245150421,86,2006
9.44796448271828,0.614994249109991,0.87000112647966,87,2006
9.87637077396207,0.632911194443323,0.879998348389971,88,2006
10.3322209735746,0.651643389570423,0.889999141186791,89,2006
10.8275098399434,0.671301301492627,0.900010916710183,90,2006
11.4087367265115,0.691867895305656,0.90998794360688,91,2006
12.0521780169398,0.713637954932622,0.920003320024229,92,2006
12.7728671963736,0.736594943622519,0.92999030939421,93,2006
13.7165583576601,0.761144644970592,0.939990832123983,94,2006
14.8332940118449,0.787573273990811,0.949994955747714,95,2006
16.2540213370483,0.816427608696047,0.959998989349096,96,2006
18.3590922643747,0.848362001915867,0.969998101728735,97,2006
21.2118010369771,0.885023377570484,0.979990162357707,98,2006
26.7254566695125,0.928948604341502,0.990006168931499,99,2006
176.0078440316,1,1,100,2006
0.910522166313999,4.75945807793802e-09,2.98623631736382e-08,0,2007
1.38192338801582,0.00223089494877228,0.00999926299687687,1,2007
1.50077045746277,0.00476093435270567,0.0199992426904699,2,2007
1.59036300637076,0.00746963100497635,0.0300007155022216,3,2007
1.66794087260417,0.0103226121402143,0.040001441754894,4,2007
1.73678325678841,0.0133025393119996,0.0499997790185125,5,2007
1.80168708723923,0.0164003533544801,0.0599994003637475,6,2007
1.86082363015715,0.0196070393080292,0.0700003953776884,7,2007
1.92070161384861,0.0229159113444865,0.0799979562198644,8,2007
1.97464495472569,0.0263265756421162,0.0900005936637799,9,2007
2.0290708222055,0.0298309299121582,0.100001140742273,10,2007
2.08099329171302,0.0334277259034307,0.110002165618577,11,2007
2.13015271751114,0.0371116051798983,0.119998442379137,12,2007
2.18455872581893,0.0408887613171599,0.130002125005763,13,2007
2.23165156349242,0.0447535859314256,0.140000402544656,14,2007
2.28216537923161,0.0487025262248713,0.149997276552479,15,2007
2.33127914862079,0.0527407982573981,0.159998510465325,16,2007
2.37928077448721,0.0568622775304745,0.169996280344043,17,2007
2.42914674061553,0.0610725998841488,0.180001366501739,18,2007
2.47694478646079,0.0653687744776976,0.190003466423117,19,2007
2.52400043906677,0.069744133251428,0.200000041807308,20,2007
2.57228995860825,0.0742060012214265,0.210004202231746,21,2007
2.61897400563874,0.07874940043048,0.220003077017901,22,2007
2.66632455958013,0.0833746162607307,0.230003026849131,23,2007
2.71414307233932,0.088082394554716,0.240001095351481,24,2007
2.76184453777311,0.0928744753080096,0.250000806283806,25,2007
2.81140174138493,0.0977491714890538,0.259996515659465,26,2007
2.86200743961862,0.102714570997399,0.269997391223953,27,2007
2.91104462666924,0.107765225905674,0.279995638900482,28,2007
2.96200187864034,0.112910767589287,0.290003830743948,29,2007
3.01159897584768,0.118135879149936,0.299997927551996,30,2007
3.06452438660485,0.123455994137196,0.310003163021507,31,2007
3.11515183997954,0.128866075737618,0.320003501063458,32,2007
3.16626323157017,0.134360957136712,0.329997000624243,33,2007
3.21804006281382,0.139949240270354,0.339998563023084,34,2007
3.26956189212378,0.145626240450782,0.349995974553444,35,2007
3.32519360673681,0.151397198268682,0.359994729890147,36,2007
3.37834240334881,0.157264947862003,0.369995247106277,37,2007
3.43538050400344,0.163229847193142,0.379997675513651,38,2007
3.49187097699114,0.169292045530508,0.389996759336348,39,2007
3.55186705602789,0.1754638455389,0.400006235261431,40,2007
3.60488425251636,0.181727113512375,0.410006155230297,41,2007
3.66258328278289,0.188084931958646,0.420003268137026,42,2007
3.72504778817684,0.194552445833794,0.430006592415294,43,2007
3.78529447982661,0.201119853758234,0.439996687666677,44,2007
3.84687835129316,0.207804395109953,0.450006044142306,45,2007
3.91276077596545,0.214594423822454,0.459999812464359,46,2007
3.97817295655686,0.221502291555154,0.470001374863201,47,2007
4.04302646467933,0.228521727944957,0.479996546716323,48,2007
4.1091623969684,0.2356619630035,0.490002439157824,49,2007
4.17473057448945,0.242909086823876,0.49999934302801,50,2007
4.24461223382269,0.250274117125917,0.509994425294043,51,2007
4.31670907772487,0.257767554229152,0.51999359870383,52,2007
4.38938332340095,0.26539073470464,0.529994593717771,53,2007
4.46591635357797,0.273143582315519,0.539998007583129,54,2007
4.54472520305468,0.281036551110094,0.550004497271894,55,2007
4.62262776096231,0.289061279482637,0.560004686002029,56,2007
4.70841976547189,0.297224066810627,0.570000066891693,57,2007
4.79064700834032,0.30554316458024,0.58000628781919,58,2007
4.87195286131646,0.313997260115793,0.590003550037734,59,2007
4.96393881604161,0.322603566969459,0.600001917163716,60,2007
5.05925730046554,0.331371819260996,0.610003001764746,61,2007
5.15673948432571,0.340315773338831,0.620006714253736,62,2007
5.25154899506331,0.34941644562584,0.630000602025242,63,2007
5.34528204464123,0.358688980493412,0.640002015112267,64,2007
5.45462165701686,0.368146850656046,0.650008445076306,65,2007
5.56360224497543,0.377782600215134,0.659997136796619,66,2007
5.67558030744707,0.387618565242872,0.669992666998099,67,2007
5.78702431843469,0.397663723886996,0.680006054892757,68,2007
5.91596638475708,0.407904314063177,0.690005078990729,69,2007
6.04136944271201,0.418367036858636,0.700003625290889,70,2007
6.17130688062265,0.429046784786441,0.709996647053863,71,2007
6.30109442650763,0.439956526307182,0.719990534825368,72,2007
6.44221121920796,0.451120551104545,0.730002877537315,73,2007
6.58279267884492,0.462510830968494,0.739990703249097,74,2007
6.73262763893308,0.474171068268575,0.749995460920798,75,2007
6.89249760211665,0.486101889440023,0.759999352583966,76,2007
7.05756499979351,0.498323609511206,0.770008111812333,77,2007
7.22674531573747,0.510817241821412,0.780002537106375,78,2007
7.42148039554612,0.523635470641434,0.790005443311559,79,2007
7.62289389476254,0.536791217879883,0.799998524799259,80,2007
7.85745316323953,0.550340846571215,0.80999829545631,81,2007
8.09971638530929,0.564314411328226,0.820003859411817,82,2007
8.34958121365618,0.578684462438416,0.829992580994493,83,2007
8.60236502817336,0.593541957055235,0.840005282054798,84,2007
8.90190747824676,0.608858099982335,0.850004455464585,85,2007
9.2353600427375,0.624747829258606,0.860009780521187,86,2007
9.60394495767151,0.641209018749447,0.869998203480231,87,2007
10.0062676871389,0.658398102653852,0.880011442063074,88,2007
10.4358573524025,0.676251179222118,0.889990428515356,89,2007
10.9263541440241,0.694965857463736,0.899999994027527,90,2007
11.4354679435393,0.714516640974037,0.910004154451965,91,2007
12.0506050134981,0.735054216059209,0.919994727501158,92,2007
12.7917641484693,0.756816672928281,0.929998559439601,93,2007
13.7109150355667,0.780006213325306,0.940000211425531,94,2007
14.7485398261658,0.80492475169547,0.95000156478783,95,2007
16.057463378671,0.831835750209049,0.960003694571572,96,2007
17.8291324849281,0.861425406044126,0.970006242428398,97,2007
20.6032743430006,0.895040630147019,0.98000640129617,98,2007
26.1050216114253,0.935289522977407,0.990003693377077,99,2007
104.180334804817,1,1,100,2007
1.51509252603381,7.53472848322847e-09,2.99696120122041e-08,0,2008
1.96791848450718,0.00310003619682715,0.0100000503489482,1,2008
2.08275309290403,0.00646598323139209,0.0199995612448801,2,2008
2.17119303841854,0.00999899950111908,0.0300014097705491,3,2008
2.24391888595807,0.0136634344117078,0.0400017598156174,4,2008
2.30934936305596,0.0174428150184427,0.0499999220790088,5,2008
2.36891141230608,0.0213251499522825,0.0599985938258044,6,2008
2.42674262131388,0.0253051451655026,0.0700008918956535,7,2008
2.48187014941538,0.0293779585838346,0.0799996835208971,8,2008
2.5348546679764,0.0335409571962895,0.0899985051157528,9,2008
2.58542832602527,0.0377895737700285,0.099998465555865,10,2008
2.63539940796954,0.0421212374308458,0.109997197241885,11,2008
2.68482889120969,0.0465358042121938,0.119998326496865,12,2008
2.73177219794611,0.051029317335427,0.12999861660271,13,2008
2.77913601800432,0.0556027778809459,0.140001064520619,14,2008
2.82675949889739,0.0602518943046902,0.149997518516125,15,2008
2.86974049931317,0.0649801639314612,0.160000206190931,16,2008
2.91171435685147,0.0697769976159,0.169998518302382,17,2008
2.95547581099717,0.0746452826864208,0.180000127071155,18,2008
2.99919058271949,0.0795850741732013,0.189998858757175,19,2008
3.04085001784577,0.0845971515263166,0.199999658346423,20,2008
3.08516301303305,0.0896825017240347,0.210003874471441,21,2008
3.13161755126362,0.094837554683791,0.219999489317811,22,2008
3.17848237306951,0.10007078619765,0.229996063191766,23,2008
3.22406181937423,0.10538440047756,0.240000698891352,24,2008
3.26740810134404,0.110767828597537,0.249997962066383,25,2008
3.3137103467374,0.116231038227645,0.26000379655045,26,2008
3.36339750249505,0.12176741699157,0.269996264587559,27,2008
3.41091925599088,0.127388196610706,0.279996015240387,28,2008
3.45394214469394,0.133084934066184,0.289995825832439,29,2008
3.49964897854311,0.138859079813602,0.300001810164566,30,2008
3.54659485889875,0.144705808953664,0.310002729632262,31,2008
3.59479038875582,0.150625631149458,0.319994358520235,32,2008
3.64252451997937,0.15663098668404,0.329996117137068,33,2008
3.69419231590246,0.162722500034407,0.340004229311647,34,2008
3.74622185187535,0.168893741531235,0.349999844158018,35,2008
3.79554541223782,0.175152420315736,0.360002471893599,36,2008
3.84510098875644,0.18149013542446,0.370001713063023,37,2008
3.89879410593687,0.187911609177794,0.379994690583536,38,2008
3.9493463134707,0.194426820280729,0.389999865736138,39,2008
4.00361926871412,0.201022700962202,0.399996139913973,40,2008
4.06057840125044,0.207715991140333,0.409997209229729,41,2008
4.11839382911732,0.214507858387159,0.420004811920905,42,2008
4.17630781981428,0.221390983221225,0.430005461662093,43,2008
4.23429860636847,0.228365284770252,0.439999068544459,44,2008
4.28926480250686,0.235434968328398,0.449996271780266,45,2008
4.34876145738425,0.242603334312737,0.460000967419076,46,2008
4.4065219736676,0.249871482909389,0.470006711994306,47,2008
4.46369118652961,0.257227428869861,0.480003315837873,48,2008
4.52652917441528,0.264684388913662,0.490001328253204,49,2008
4.59032952772727,0.272246463147947,0.499996973069187,50,2008
4.65802418043593,0.279928689954816,0.510007093207771,51,2008
4.72518142614604,0.287711016255828,0.520002498266857,52,2008
4.79080366918482,0.295610298397616,0.530006534574203,53,2008
4.86094853364936,0.303611951897688,0.539998852763252,54,2008
4.933731803289,0.311739939443108,0.549999832170173,55,2008
5.01041849028672,0.319988848154194,0.559996166287231,56,2008
5.0850468534382,0.328364338137981,0.569996786058808,57,2008
5.16306987346307,0.336872414962333,0.58000672637972,58,2008
5.24257347410131,0.345500333122008,0.590001322259282,59,2008
5.32573818853873,0.354261124641884,0.599995378685828,60,2008
5.4155267641718,0.363181664890115,0.610006337973548,61,2008
5.50602647462336,0.372234601682168,0.619998296527253,62,2008
5.59504170169527,0.381450152382426,0.630005509613472,63,2008
5.69512924989776,0.390803469498042,0.639991714001671,64,2008
5.78758286651964,0.400338251425308,0.650002583380555,65,2008
5.89972410600109,0.410036375245032,0.660003952392432,66,2008
6.00540437438388,0.419903759501331,0.669994592283209,67,2008
6.12172903441659,0.429959491596334,0.679990716612983,68,2008
6.23397324692872,0.440218589871489,0.689997360276574,69,2008
6.34393560637634,0.450668151923972,0.700008319564295,70,2008
6.45926924632977,0.46127681592389,0.709992456049264,71,2008
6.58374002503949,0.472093067971962,0.719990348586148,72,2008
6.71942675237134,0.483143264690243,0.730001847326884,73,2008
6.86151601851772,0.494410590111139,0.740002796764193,74,2008
6.99941295574975,0.505904307363033,0.749999670334268,75,2008
7.16239686710202,0.517650650757583,0.759995135332578,76,2008
7.32031810891776,0.529670092350225,0.769998871943804,77,2008
7.4995269701243,0.541963552239319,0.779990231105269,78,2008
7.67333203451275,0.554574297638521,0.790009372097068,79,2008
7.86596294494572,0.567463184530557,0.800009452415629,80,2008
8.05069162710005,0.580650257361837,0.809990382152113,81,2008
8.28436742083813,0.5942122133601,0.820001251530998,82,2008
8.52788930851689,0.608150082902609,0.829999833368957,83,2008
8.75441901872812,0.622482494178001,0.839990083654777,84,2008
9.01100265440471,0.637227943400797,0.849989894246829,85,2008
9.29197466177414,0.652418414284099,0.859994020463011,86,2008
9.61866845880957,0.668120979003474,0.869997487347729,87,2008
9.96836704094492,0.684378716749388,0.880011563475099,88,2008
10.3627065767007,0.701213578147424,0.89000541011436,89,2008
10.8029352889438,0.718748833678323,0.900004411526888,90,2008
11.3362488856569,0.737115385283696,0.910002393972608,91,2008
11.8955572607138,0.756387219923421,0.920011075569815,92,2008
12.5893520952733,0.776655891387355,0.930004442695285,93,2008
13.3363686587377,0.798115436055558,0.939991845867964,94,2008
14.2457941866961,0.821010530763997,0.950004992937361,95,2008
15.4553611873326,0.845664578432368,0.960012865355045,96,2008
17.2284772389706,0.872719318143779,0.970009049624043,97,2008
19.9346257376336,0.903414344267038,0.979994564711165,98,2008
25.5201651115182,0.940612333986239,0.990008670808147,99,2008
118.527630474768,1,1,100,2008
2.13928307209838,1.00582008609607e-08,2.98394144170086e-08,0,2009
2.55700603285323,0.00388477355911148,0.00999987407767116,1,2009
2.65967798799665,0.0080007207229116,0.0200001957465586,2,2009
2.74043328709863,0.012257818175198,0.0300011738825632,3,2009
2.80495288190505,0.0166269780602941,0.0399996753471711,4,2009
2.86475295158155,0.0210946206863717,0.0499982066511935,5,2009
2.92022824127473,0.0256540629224279,0.0600018106556668,6,2009
2.9737657962796,0.0302966794180468,0.0699996556531576,7,2009
3.02330470729291,0.0350231649069733,0.0800018273657389,8,2009
3.0710479954898,0.0398235528741609,0.089999911078545,9,2009
3.11604823194261,0.0446995816457331,0.100002411024685,10,2009
3.16210926134538,0.0496440065405523,0.109998226941995,11,2009
3.20610778901367,0.0546609276221904,0.119998011501423,12,2009
3.25151401834956,0.0597496492611313,0.129999616265131,13,2009
3.29463240560887,0.064908156683114,0.140002951714874,14,2009
3.33575155028127,0.0701292366565954,0.149997961967995,15,2009
3.37666383157303,0.0754204777835242,0.160003505534406,16,2009
3.41824698714193,0.0807708976989648,0.169999231933473,17,2009
3.45962771204078,0.086191401253852,0.180002268989072,18,2009
3.50121823592057,0.0916729533878444,0.189998681694671,19,2009
3.54278318146811,0.0972242885459053,0.200000883246667,20,2009
3.58497207327589,0.102838270711694,0.209996549966905,21,2009
3.62641637199666,0.108522353081591,0.220002183051559,22,2009
3.67042762601656,0.114267512274666,0.229995402939815,23,2009
3.71413826030156,0.120087325729476,0.239999991644964,24,2009
3.75740191854716,0.125973008314884,0.249997866481869,25,2009
3.79974477620885,0.131924607236981,0.2599951743699,26,2009
3.84466595941828,0.137949765786447,0.269999405002077,27,2009
3.88960181873894,0.14404687227822,0.280004620334928,28,2009
3.93231293415623,0.150208006657097,0.290004046821383,29,2009
3.97511474961436,0.156434867115632,0.300001981337117,30,2009
4.01892322908794,0.162728163609892,0.309994574597671,31,2009
4.06363164756185,0.169095901557529,0.319995134981873,32,2009
4.11029387348438,0.175537607636093,0.32999727685504,33,2009
4.15512392013643,0.182049413268235,0.339999448567622,34,2009
4.20079623581381,0.188632714928665,0.350000456543041,35,2009
4.2505312137732,0.195290762138424,0.360001524197288,36,2009
4.29920953865046,0.202027266455246,0.370001368435545,37,2009
4.34712526733163,0.208839228811402,0.380001749783261,38,2009
4.39273732083708,0.215723785283506,0.390000668999671,39,2009
4.44568189037731,0.22268871256104,0.400003467339955,40,2009
4.4992903043458,0.229734181647119,0.410002565592852,41,2009
4.55039834052111,0.236860094661444,0.419997635524802,42,2009
4.60204135800183,0.24406762956942,0.429993958712157,43,2009
4.65396364478334,0.251366196351429,0.440002008789379,44,2009
4.70820791354218,0.258743700635647,0.450005642633266,45,2009
4.76277077273634,0.266205050745599,0.460006620769271,46,2009
4.81605743262423,0.273744209366508,0.469998080132076,47,2009
4.87651215893821,0.281378447247725,0.479997745333847,48,2009
4.9352132561134,0.289108046236921,0.489997112141473,49,2009
4.99560402692421,0.296935249991811,0.500001611328379,50,2009
5.05621927046382,0.304852565023322,0.510000828938933,51,2009
5.11626937304373,0.312863538108935,0.519995391600837,52,2009
5.17882834867868,0.320982091700756,0.530006544977158,53,2009
5.24508396170138,0.329193505311802,0.540005464193568,54,2009
5.31406400979195,0.337501676973505,0.549994566242635,55,2009
5.38746922815782,0.345933960917589,0.559996439561072,56,2009
5.45566517692592,0.354483418732215,0.570006100966672,57,2009
5.53362043603151,0.363130162626244,0.579993502169117,58,2009
5.61097575002016,0.37191421263334,0.589997673122464,59,2009
5.68422457541111,0.380816291937839,0.600002052951712,60,2009
5.75949195837365,0.389836759633576,0.610007894912266,61,2009
5.84422299990195,0.398967034655781,0.619995892903,62,2009
5.93689877502842,0.408244983647348,0.629993767739905,63,2009
6.02717590824421,0.417672034580026,0.639996028970729,64,2009
6.12244261389771,0.427253675628124,0.650005630697501,65,2009
6.21816187761114,0.436978848146231,0.660006459636433,66,2009
6.31958249807407,0.4468563221867,0.670008661188429,67,2009
6.42015747098503,0.456879884759515,0.679995376084342,68,2009
6.52466614795596,0.467083114826369,0.690000710774851,69,2009
6.6365090463529,0.47745647563666,0.700009089085631,70,2009
6.75701491081175,0.487997094544659,0.709998370171185,71,2009
6.87676239030544,0.498742311457776,0.720001437066198,72,2009
7.00772904028314,0.509684138324056,0.73000718950851,73,2009
7.14810225029319,0.520816776682419,0.739992143878972,74,2009
7.27901948264524,0.532199037140587,0.750009235298762,75,2009
7.42895788456544,0.543770787055496,0.759995413085216,76,2009
7.57015324243495,0.55560378987017,0.77000611887032,77,2009
7.72986711390102,0.567650661310487,0.780001904948216,78,2009
7.88847902279582,0.579961210250355,0.790009507434221,79,2009
8.06702334466563,0.592519927681812,0.799998191731486,80,2009
8.25855333576426,0.605368255233376,0.80999281407222,81,2009
8.4572500517401,0.618538078470553,0.819994538193585,82,2009
8.65911430992997,0.632030667651847,0.83000294634378,83,2009
8.89834807969239,0.64586375724356,0.840000552625955,84,2009
9.17745385667191,0.6601101669522,0.850007558323672,85,2009
9.45179506328038,0.67476664892595,0.859993944986027,86,2009
9.7400436968137,0.689905656798676,0.870008201661447,87,2009
10.0700761360187,0.705513495938914,0.880009627388668,88,2009
10.4574530727068,0.721657043817055,0.889989628416337,89,2009
10.9053112693104,0.738488490188823,0.899993829209099,90,2009
11.3531799357772,0.756014350079278,0.909991047578887,91,2009
11.9056448745185,0.774340119127859,0.919995725802279,92,2009
12.5152963614216,0.793612061818662,0.930007953397519,93,2009
13.2329455678725,0.813836418474325,0.939989148001765,94,2009
14.1238204246757,0.835416455387786,0.949990663247229,95,2009
15.3835160847902,0.858631652898605,0.95999513259472,96,2009
17.0442112942824,0.884140787490383,0.970012850642213,97,2009
19.5780520325422,0.912862972075443,0.979998222764477,98,2009
24.3853689451262,0.946851006914567,0.989990696667373,99,2009
128.708779981391,1,1,100,2009
2.71956313541412,1.21522805988612e-08,2.98602115100306e-08,0,2010
3.10842449592129,0.00452122394923193,0.00999955777026754,1,2010
3.20869373057488,0.00925384896527036,0.0200000412070919,2,2010
3.28407004777176,0.014114309032891,0.0300013010094155,3,2010
3.34945792181109,0.0190781515748641,0.0399995449303766,4,2010
3.40494137246746,0.0241318646315917,0.0499985950770485,5,2010
3.45823119724044,0.0292682830976876,0.0599990187934498,6,2010
3.50889695199345,0.0344828287615187,0.0700010549612727,7,2010
3.55718578593895,0.0397694244724015,0.0799998662262524,8,2010
3.60388342860408,0.045127810395521,0.0900001107813847,9,2010
3.648302176408,0.0505539796821284,0.100000624078421,10,2010
3.69023953748311,0.0560461046852065,0.110002242203282,11,2010
3.7333845348246,0.0615997814935097,0.12000021738234,12,2010
3.77407964770727,0.067215988344238,0.129996789131456,13,2010
3.81551717282798,0.0728972648722909,0.140000855793662,14,2010
3.85813307247239,0.0786358857628531,0.149996352575164,15,2010
3.89948736475786,0.0844445981408521,0.160003614280001,16,2010
3.93859104254775,0.0903057268091972,0.169998125674524,17,2010
3.97689621377255,0.0962304719749197,0.180001147229326,18,2010
4.01721120177067,0.102213649038579,0.190003452139053,19,2010
4.05571795082007,0.108253857860505,0.200003039769532,20,2010
4.09545075996891,0.114348784627278,0.209998237948919,21,2010
4.13432454746543,0.120506364522713,0.219997825579398,22,2010
4.17422767623449,0.126724810321252,0.230001205456739,23,2010
4.21356293421985,0.132998027200577,0.23999726958226,24,2010
4.25549809103262,0.139334225614222,0.249997514137392,25,2010
4.29876805007958,0.145736501728215,0.259999580165426,26,2010
4.33859528851638,0.152201196119078,0.270002183677268,27,2010
4.37892659091377,0.158725214712719,0.28000401082361,28,2010
4.41787017752817,0.165304457490838,0.289999955508285,29,2010
4.46022954379529,0.171947885922745,0.300003365245837,30,2010
4.50294966602287,0.178649529093076,0.309994890619209,31,2010
4.54795658152637,0.185427970380439,0.320003376592718,32,2010
4.592364536871,0.192268148493092,0.330005233599271,33,2010
4.63837428881881,0.199174303482981,0.340004433047001,34,2010
4.6843418731959,0.206148504574829,0.350002885989442,35,2010
4.72824868740716,0.213191370345565,0.360003459006901,36,2010
4.77191460660043,0.22029397851224,0.369996029487676,37,2010
4.8198777731241,0.227475831590948,0.380002126644264,38,2010
4.8682004402514,0.234725408928624,0.390003117704684,39,2010
4.91573819073372,0.242043241602114,0.399999360991474,40,2010
4.96468032423,0.249435998379086,0.409997425751166,41,2010
5.01558741851978,0.256901513291395,0.419995998134453,42,2010
5.06684933856438,0.264448959974839,0.430000512699832,43,2010
5.11853103647869,0.272071792047167,0.440003802996538,44,2010
5.17196862570108,0.279768292155039,0.449999150476983,45,2010
5.22398121992807,0.287545885210343,0.459999245731057,46,2010
5.27903170077853,0.295399801236105,0.469994145308329,47,2010
5.33695810725239,0.303353221530413,0.480007110313565,48,2010
5.39278364008937,0.311375492469357,0.490000845342588,49,2010
5.45080359996377,0.319486104950553,0.499996999048743,50,2010
5.50656240748528,0.327684009748528,0.509996497098588,51,2010
5.56757555155766,0.335969710413092,0.519996532632239,52,2010
5.62947682850056,0.344355726888067,0.530007347702246,53,2010
5.69103725418834,0.352815214436441,0.539994901667487,54,2010
5.75719068732002,0.361387097841747,0.549999804415615,55,2010
5.82194458309417,0.370054817485827,0.560004408561627,56,2010
5.88842839895629,0.378806607498147,0.569994500644846,57,2010
5.95941181616894,0.387670300598242,0.579992207082,58,2010
6.03268913125122,0.396644654746152,0.589994332830458,59,2010
6.10742282028391,0.405735767344276,0.600003953492004,60,2010
6.17886165819769,0.41492363154358,0.609998584327372,61,2010
6.25515952325045,0.424229980211269,0.62000250168852,62,2010
6.33995135391718,0.433650244459418,0.629998117910869,63,2010
6.42306152456529,0.44320544116346,0.640005887239301,64,2010
6.51391370387959,0.45288370070921,0.650003951998993,65,2010
6.59416291050436,0.46269405787827,0.66000625690872,66,2010
6.6873276341883,0.472634319964077,0.670005904259622,67,2010
6.78901578951327,0.482721577755195,0.680008955674636,68,2010
6.88936751292074,0.492942610281665,0.689993105575764,69,2010
6.99803529083616,0.503337894207786,0.699997321539027,70,2010
7.10916375964475,0.513899562971183,0.710007091501632,71,2010
7.21457625863355,0.524605553819365,0.71999560099364,72,2010
7.33107550320032,0.535487885997201,0.729992650506141,73,2010
7.45633410304255,0.546557153635321,0.7400015246624,74,2010
7.58693842296218,0.557817671638223,0.750005262862279,75,2010
7.72570911939476,0.56926209605823,0.759994279977883,76,2010
7.8722409761235,0.580925509387428,0.769990612845308,77,2010
8.02088196129012,0.592819919530471,0.779997695388876,78,2010
8.16783552769076,0.604924394588477,0.789991400557687,79,2010
8.33153091412048,0.617273986791464,0.799996333166027,80,2010
8.51371947370188,0.629886057501219,0.810007536418783,81,2010
8.69754501469994,0.642746168567677,0.819993657093871,82,2010
8.89390749479294,0.655918283634292,0.830003636077956,83,2010
9.11816130546721,0.669390573692218,0.840004209095414,84,2010
9.35984360727855,0.68321281106594,0.850005200155834,85,2010
9.61845557249853,0.697396428067604,0.859995949163707,86,2010
9.9118971807379,0.712020390042384,0.870009989136556,87,2010
10.2427522989973,0.727084006694048,0.880004440810656,88,2010
10.5853535670106,0.742676864736636,0.890009313698572,89,2010
10.938782711919,0.758761574539804,0.899994329545834,90,2010
11.3871214222158,0.775458209648065,0.909993051230179,91,2010
11.912204845051,0.792903822699527,0.920006225256896,92,2010
12.4670374246992,0.811151289256558,0.930008739188103,93,2010
13.0974688630806,0.830277896066375,0.940009371925985,94,2010
13.9769044822757,0.850511698194431,0.950005764513832,95,2010
14.9947167655815,0.872163624758795,0.960011772089786,96,2010
16.488472121059,0.895667248893052,0.970005955021981,97,2010
18.7427761861075,0.921773346852644,0.979997719277045,98,2010
23.1191254338199,0.952718241337083,0.990002203982212,99,2010
171.481217871227,1,1,100,2010
